soil_moisture,rainfall_24h,rainfall_48h,slope_degree,elevation,historical_count,landslide_occurred,state,district,lat,lon
88.2,141.4,268.9,45.9,626.0,1,1,Mizoram,Lunglei,22.9,92.75
94.3,186.6,345.2,28.8,1481.0,1,1,Mizoram,Lunglei,22.9,92.75
76.1,209.7,367.2,49.7,1464.0,1,1,Mizoram,Lunglei,22.9,92.75
71.8,157.6,212.0,49.8,1916.0,1,1,Mizoram,Lunglei,22.9,92.75
87.7,129.6,256.6,51.8,2268.0,1,1,Mizoram,Lunglei,22.9,92.75
70.8,145.3,193.4,29.6,2039.0,1,1,Mizoram,Lunglei,22.9,92.75
87.3,215.5,329.2,36.1,1527.0,1,1,Mizoram,Lunglei,22.9,92.75
70.7,98.2,160.3,31.8,2008.0,1,1,Mizoram,Lunglei,22.9,92.75
78.1,196.6,351.9,34.4,2397.0,4,1,Mizoram,Aizawl,23.7271,92.7176
89.1,134.2,201.6,45.5,735.0,4,1,Mizoram,Aizawl,23.7271,92.7176
71.0,81.0,150.0,44.9,2092.0,4,1,Mizoram,Aizawl,23.7271,92.7176
88.4,144.2,245.0,29.2,675.0,4,1,Mizoram,Aizawl,23.7271,92.7176
85.1,146.0,247.5,47.9,1923.0,4,1,Mizoram,Aizawl,23.7271,92.7176
81.6,158.3,239.5,25.9,1448.0,4,1,Mizoram,Aizawl,23.7271,92.7176
71.4,137.2,260.3,32.0,540.0,4,1,Mizoram,Aizawl,23.7271,92.7176
73.4,121.1,213.5,41.7,2281.0,4,1,Mizoram,Aizawl,23.7271,92.7176
84.9,136.9,256.0,30.0,455.0,4,1,Mizoram,Aizawl,23.7271,92.7176
67.7,181.1,294.0,29.8,1603.0,4,1,Mizoram,Aizawl,23.7271,92.7176
69.6,177.5,286.2,36.4,1124.0,4,1,Mizoram,Aizawl,23.7271,92.7176
83.9,130.7,177.9,28.5,2709.0,4,1,Mizoram,Aizawl,23.7271,92.7176
92.3,178.0,264.5,54.1,2269.0,4,1,Mizoram,Aizawl,23.7271,92.7176
86.5,142.9,213.0,27.9,2566.0,4,1,Mizoram,Aizawl,23.7271,92.7176
78.7,108.3,164.0,42.4,824.0,4,1,Mizoram,Aizawl,23.7271,92.7176
90.7,186.2,335.8,38.0,1906.0,4,1,Mizoram,Aizawl,23.7271,92.7176
82.5,171.0,232.4,37.5,500.0,3,1,Tripura,West Tripura,23.8315,91.2868
79.8,126.2,176.8,28.1,1810.0,3,1,Tripura,West Tripura,23.8315,91.2868
70.1,209.5,357.6,35.4,1818.0,3,1,Tripura,West Tripura,23.8315,91.2868
65.7,214.2,350.8,48.5,599.0,3,1,Tripura,West Tripura,23.8315,91.2868
79.6,148.7,290.9,42.2,1536.0,3,1,Tripura,West Tripura,23.8315,91.2868
73.0,126.4,210.4,38.2,452.0,3,1,Tripura,West Tripura,23.8315,91.2868
89.8,205.5,287.3,41.6,661.0,3,1,Tripura,West Tripura,23.8315,91.2868
85.2,119.4,210.3,46.8,2245.0,3,1,Tripura,West Tripura,23.8315,91.2868
68.2,208.2,304.3,26.1,1732.0,3,1,Tripura,West Tripura,23.8315,91.2868
76.1,196.2,366.0,34.5,2687.0,3,1,Tripura,West Tripura,23.8315,91.2868
73.7,152.1,225.0,53.1,795.0,3,1,Tripura,West Tripura,23.8315,91.2868
66.3,140.9,281.1,51.8,2197.0,3,1,Tripura,West Tripura,23.8315,91.2868
91.7,205.1,341.1,34.5,2253.0,2,1,Manipur,Churachandpur,24.3322,93.6825
84.8,132.3,180.8,47.4,1030.0,2,1,Manipur,Churachandpur,24.3322,93.6825
93.1,113.7,157.6,49.9,768.0,2,1,Manipur,Churachandpur,24.3322,93.6825
70.4,163.9,313.4,30.9,1145.0,2,1,Manipur,Churachandpur,24.3322,93.6825
88.3,216.1,356.6,29.3,433.0,2,1,Manipur,Churachandpur,24.3322,93.6825
71.9,98.5,174.7,28.7,1615.0,2,1,Manipur,Churachandpur,24.3322,93.6825
85.8,161.4,232.3,49.1,2117.0,2,1,Manipur,Churachandpur,24.3322,93.6825
87.2,98.3,136.4,52.8,1354.0,2,1,Manipur,Churachandpur,24.3322,93.6825
74.0,148.4,261.8,53.7,1087.0,3,1,Manipur,Imphal East,24.817,93.9368
92.7,83.5,141.0,44.0,654.0,3,1,Manipur,Imphal East,24.817,93.9368
69.2,138.7,274.1,42.9,2639.0,3,1,Manipur,Imphal East,24.817,93.9368
89.1,145.4,269.0,25.5,662.0,3,1,Manipur,Imphal East,24.817,93.9368
89.9,191.6,280.2,40.9,1854.0,3,1,Manipur,Imphal East,24.817,93.9368
91.0,164.4,261.3,36.2,1422.0,3,1,Manipur,Imphal East,24.817,93.9368
84.6,201.4,325.9,32.4,968.0,3,1,Manipur,Imphal East,24.817,93.9368
87.4,194.3,266.9,27.0,1827.0,3,1,Manipur,Imphal East,24.817,93.9368
69.4,195.5,296.5,29.3,2610.0,3,1,Manipur,Imphal East,24.817,93.9368
70.0,119.9,168.7,28.5,451.0,3,1,Manipur,Imphal East,24.817,93.9368
66.7,104.4,139.7,42.7,2034.0,3,1,Manipur,Imphal East,24.817,93.9368
76.8,124.5,205.9,51.3,2443.0,3,1,Manipur,Imphal East,24.817,93.9368
66.3,105.4,154.5,32.5,1771.0,2,1,Meghalaya,East Khasi Hills,25.2592,91.7276
77.5,86.9,135.7,40.7,644.0,2,1,Meghalaya,East Khasi Hills,25.2592,91.7276
90.0,87.3,170.0,28.0,2425.0,2,1,Meghalaya,East Khasi Hills,25.2592,91.7276
92.1,217.1,404.2,48.4,1942.0,2,1,Meghalaya,East Khasi Hills,25.2592,91.7276
88.4,98.8,165.6,40.4,2458.0,2,1,Meghalaya,East Khasi Hills,25.2592,91.7276
78.9,133.9,234.0,33.0,735.0,2,1,Meghalaya,East Khasi Hills,25.2592,91.7276
79.3,138.4,202.4,36.0,1279.0,2,1,Meghalaya,East Khasi Hills,25.2592,91.7276
74.8,133.1,237.0,33.9,2677.0,2,1,Meghalaya,East Khasi Hills,25.2592,91.7276
92.5,147.3,225.4,41.1,2437.0,2,1,Meghalaya,East Khasi Hills,25.2838,91.7344
84.6,192.6,322.2,44.0,1092.0,2,1,Meghalaya,East Khasi Hills,25.2838,91.7344
87.0,108.3,193.5,50.8,717.0,2,1,Meghalaya,East Khasi Hills,25.2838,91.7344
83.4,93.3,168.7,27.5,2646.0,2,1,Meghalaya,East Khasi Hills,25.2838,91.7344
69.1,214.2,398.6,42.8,2278.0,2,1,Meghalaya,East Khasi Hills,25.2838,91.7344
88.9,212.4,313.9,42.7,628.0,2,1,Meghalaya,East Khasi Hills,25.2838,91.7344
83.5,104.0,176.3,42.2,1518.0,2,1,Meghalaya,East Khasi Hills,25.2838,91.7344
80.7,186.9,347.6,39.8,1839.0,2,1,Meghalaya,East Khasi Hills,25.2838,91.7344
92.9,96.8,133.7,27.6,1979.0,4,1,Assam,Dima Hasao,25.45,93.18
77.6,188.4,333.5,35.0,2556.0,4,1,Assam,Dima Hasao,25.45,93.18
87.9,117.9,183.3,34.4,778.0,4,1,Assam,Dima Hasao,25.45,93.18
69.4,211.1,339.1,36.5,2151.0,4,1,Assam,Dima Hasao,25.45,93.18
81.6,211.1,389.7,39.4,1303.0,4,1,Assam,Dima Hasao,25.45,93.18
94.6,180.5,354.8,28.6,2441.0,4,1,Assam,Dima Hasao,25.45,93.18
84.1,97.1,166.2,45.6,430.0,4,1,Assam,Dima Hasao,25.45,93.18
78.6,195.6,294.7,38.8,1462.0,4,1,Assam,Dima Hasao,25.45,93.18
74.1,208.6,385.2,28.3,2793.0,4,1,Assam,Dima Hasao,25.45,93.18
91.4,119.7,225.8,28.2,2798.0,4,1,Assam,Dima Hasao,25.45,93.18
85.0,171.0,233.1,51.9,470.0,4,1,Assam,Dima Hasao,25.45,93.18
72.2,100.0,184.4,30.9,2586.0,4,1,Assam,Dima Hasao,25.45,93.18
84.7,85.1,110.9,26.5,1854.0,4,1,Assam,Dima Hasao,25.45,93.18
89.0,113.4,214.8,26.7,2322.0,4,1,Assam,Dima Hasao,25.45,93.18
92.8,188.1,336.4,50.1,496.0,4,1,Assam,Dima Hasao,25.45,93.18
71.1,97.5,161.2,47.4,1912.0,4,1,Assam,Dima Hasao,25.45,93.18
90.5,101.7,184.6,30.8,1050.0,1,1,Meghalaya,West Garo Hills,25.514,90.22
86.3,217.2,375.4,26.6,1879.0,1,1,Meghalaya,West Garo Hills,25.514,90.22
66.3,203.8,366.1,30.2,620.0,1,1,Meghalaya,West Garo Hills,25.514,90.22
70.5,217.2,352.1,48.5,1927.0,1,1,Meghalaya,West Garo Hills,25.514,90.22
82.2,100.3,196.8,34.0,1787.0,1,1,Meghalaya,West Garo Hills,25.514,90.22
86.0,170.9,334.7,29.5,1620.0,1,1,Meghalaya,West Garo Hills,25.514,90.22
77.1,146.4,202.5,29.0,1067.0,1,1,Meghalaya,West Garo Hills,25.514,90.22
74.1,139.9,241.7,44.0,1388.0,1,1,Meghalaya,West Garo Hills,25.514,90.22
77.3,110.5,189.1,34.5,487.0,2,1,Meghalaya,East Khasi Hills,25.5788,91.8933
77.6,146.4,213.4,42.2,1758.0,2,1,Meghalaya,East Khasi Hills,25.5788,91.8933
86.1,170.7,299.9,34.5,2290.0,2,1,Meghalaya,East Khasi Hills,25.5788,91.8933
81.5,140.4,244.0,35.8,1631.0,2,1,Meghalaya,East Khasi Hills,25.5788,91.8933
87.1,204.1,396.9,40.1,1649.0,2,1,Meghalaya,East Khasi Hills,25.5788,91.8933
89.0,124.0,233.9,39.8,678.0,2,1,Meghalaya,East Khasi Hills,25.5788,91.8933
67.2,197.9,264.9,33.4,1202.0,2,1,Meghalaya,East Khasi Hills,25.5788,91.8933
70.2,123.9,225.6,25.4,2385.0,2,1,Meghalaya,East Khasi Hills,25.5788,91.8933
90.7,132.1,186.0,43.0,687.0,3,1,Nagaland,Kohima,25.6586,94.1086
75.9,214.2,427.7,48.2,1146.0,3,1,Nagaland,Kohima,25.6586,94.1086
85.6,178.8,280.9,44.2,426.0,3,1,Nagaland,Kohima,25.6586,94.1086
71.3,153.5,217.2,30.0,2407.0,3,1,Nagaland,Kohima,25.6586,94.1086
94.7,157.8,297.9,54.7,740.0,3,1,Nagaland,Kohima,25.6586,94.1086
78.4,135.0,183.0,47.7,1441.0,3,1,Nagaland,Kohima,25.6586,94.1086
79.1,101.1,144.2,52.2,507.0,3,1,Nagaland,Kohima,25.6586,94.1086
72.0,120.9,198.6,42.6,1584.0,3,1,Nagaland,Kohima,25.6586,94.1086
67.5,114.1,215.7,44.1,1958.0,3,1,Nagaland,Kohima,25.6586,94.1086
85.1,186.8,250.4,36.0,1695.0,3,1,Nagaland,Kohima,25.6586,94.1086
75.2,198.2,324.7,48.1,2445.0,3,1,Nagaland,Kohima,25.6586,94.1086
80.1,207.3,354.8,50.5,1217.0,3,1,Nagaland,Kohima,25.6586,94.1086
80.0,154.4,212.1,37.0,2602.0,1,1,Nagaland,Dimapur,25.9,93.7266
83.9,104.9,161.2,30.7,460.0,1,1,Nagaland,Dimapur,25.9,93.7266
92.8,142.7,216.3,43.0,418.0,1,1,Nagaland,Dimapur,25.9,93.7266
73.3,178.4,311.1,54.5,1889.0,1,1,Nagaland,Dimapur,25.9,93.7266
79.3,186.6,360.6,46.6,2712.0,1,1,Nagaland,Dimapur,25.9,93.7266
88.5,201.4,277.8,47.0,1456.0,1,1,Nagaland,Dimapur,25.9,93.7266
81.6,171.6,339.5,54.5,1092.0,1,1,Nagaland,Dimapur,25.9,93.7266
87.0,185.0,285.4,28.7,498.0,1,1,Nagaland,Dimapur,25.9,93.7266
88.3,148.6,295.6,38.9,2747.0,1,1,Assam,Karbi Anglong,26.1,93.2
77.3,191.1,259.8,41.7,2325.0,1,1,Assam,Karbi Anglong,26.1,93.2
92.7,195.2,258.8,36.2,517.0,1,1,Assam,Karbi Anglong,26.1,93.2
68.3,174.5,314.1,48.2,2477.0,1,1,Assam,Karbi Anglong,26.1,93.2
87.2,192.1,256.3,32.0,1893.0,1,1,Assam,Karbi Anglong,26.1,93.2
90.7,80.6,133.9,45.3,471.0,1,1,Assam,Karbi Anglong,26.1,93.2
77.0,205.4,363.6,32.1,2447.0,1,1,Assam,Karbi Anglong,26.1,93.2
75.4,199.5,301.0,42.7,1353.0,1,1,Assam,Karbi Anglong,26.1,93.2
73.2,204.1,292.2,27.5,1221.0,1,1,Assam,Kamrup,26.1445,91.7362
86.5,193.0,385.9,33.9,1379.0,1,1,Assam,Kamrup,26.1445,91.7362
69.1,160.5,320.7,46.0,1829.0,1,1,Assam,Kamrup,26.1445,91.7362
76.8,208.1,343.0,29.0,1277.0,1,1,Assam,Kamrup,26.1445,91.7362
67.0,108.3,142.1,38.6,1923.0,1,1,Assam,Kamrup,26.1445,91.7362
75.3,138.9,273.7,47.6,1698.0,1,1,Assam,Kamrup,26.1445,91.7362
73.5,205.6,301.1,34.8,2582.0,1,1,Assam,Kamrup,26.1445,91.7362
80.9,183.9,315.2,44.6,1119.0,1,1,Assam,Kamrup,26.1445,91.7362
72.2,125.1,176.3,51.2,1080.0,1,1,Arunachal Pradesh,Papum Pare,27.0844,93.692
81.8,190.9,352.9,38.2,1543.0,1,1,Arunachal Pradesh,Papum Pare,27.0844,93.692
94.8,174.4,326.3,52.1,2290.0,1,1,Arunachal Pradesh,Papum Pare,27.0844,93.692
70.6,158.7,217.6,44.6,2693.0,1,1,Arunachal Pradesh,Papum Pare,27.0844,93.692
80.4,140.6,186.3,53.8,647.0,1,1,Arunachal Pradesh,Papum Pare,27.0844,93.692
66.2,114.4,154.0,38.7,1639.0,1,1,Arunachal Pradesh,Papum Pare,27.0844,93.692
74.4,87.1,120.1,36.5,545.0,1,1,Arunachal Pradesh,Papum Pare,27.0844,93.692
85.9,109.0,164.7,36.8,1400.0,1,1,Arunachal Pradesh,Papum Pare,27.0844,93.692
65.0,95.7,182.2,25.0,1620.0,2,1,Sikkim,Namchi,27.1684,88.551
79.7,126.6,202.9,48.4,2419.0,2,1,Sikkim,Namchi,27.1684,88.551
72.8,125.1,183.9,39.4,2040.0,2,1,Sikkim,Namchi,27.1684,88.551
71.8,126.3,246.5,26.5,1506.0,2,1,Sikkim,Namchi,27.1684,88.551
86.3,101.1,134.7,29.1,2605.0,2,1,Sikkim,Namchi,27.1684,88.551
65.3,106.4,140.6,28.3,1888.0,2,1,Sikkim,Namchi,27.1684,88.551
72.2,159.7,273.6,50.5,411.0,2,1,Sikkim,Namchi,27.1684,88.551
90.6,166.7,235.7,48.2,2453.0,2,1,Sikkim,Namchi,27.1684,88.551
72.6,208.6,337.6,43.1,2763.0,4,1,Sikkim,Gangtok,27.3389,88.6065
75.8,193.8,295.2,49.0,1842.0,4,1,Sikkim,Gangtok,27.3389,88.6065
71.5,138.0,210.0,27.3,472.0,4,1,Sikkim,Gangtok,27.3389,88.6065
75.4,82.7,117.0,46.8,2099.0,4,1,Sikkim,Gangtok,27.3389,88.6065
87.2,124.4,239.2,42.8,702.0,4,1,Sikkim,Gangtok,27.3389,88.6065
69.3,177.0,251.6,40.2,2780.0,4,1,Sikkim,Gangtok,27.3389,88.6065
65.1,82.3,164.2,42.5,705.0,4,1,Sikkim,Gangtok,27.3389,88.6065
91.9,203.3,340.5,43.7,1056.0,4,1,Sikkim,Gangtok,27.3389,88.6065
66.5,163.2,245.9,44.9,2407.0,4,1,Sikkim,Gangtok,27.3389,88.6065
65.5,163.4,238.9,51.2,1009.0,4,1,Sikkim,Gangtok,27.3389,88.6065
83.3,157.5,248.4,45.3,2142.0,4,1,Sikkim,Gangtok,27.3389,88.6065
82.0,186.2,370.2,37.6,1635.0,4,1,Sikkim,Gangtok,27.3389,88.6065
65.4,191.4,318.6,37.2,626.0,4,1,Sikkim,Gangtok,27.3389,88.6065
91.7,135.3,240.5,29.5,2708.0,4,1,Sikkim,Gangtok,27.3389,88.6065
70.4,107.9,205.2,52.4,909.0,4,1,Sikkim,Gangtok,27.3389,88.6065
79.1,182.7,349.8,36.4,1641.0,4,1,Sikkim,Gangtok,27.3389,88.6065
87.3,182.4,337.0,42.1,651.0,2,1,Sikkim,Mangan,27.5124,88.5281
92.1,201.2,373.9,28.0,891.0,2,1,Sikkim,Mangan,27.5124,88.5281
87.3,83.2,165.3,36.3,2126.0,2,1,Sikkim,Mangan,27.5124,88.5281
91.6,135.2,206.0,43.3,1794.0,2,1,Sikkim,Mangan,27.5124,88.5281
77.3,164.2,321.1,39.0,872.0,2,1,Sikkim,Mangan,27.5124,88.5281
76.3,135.2,188.1,29.9,2043.0,2,1,Sikkim,Mangan,27.5124,88.5281
75.2,213.7,314.2,28.0,2208.0,2,1,Sikkim,Mangan,27.5124,88.5281
91.4,118.9,171.4,30.6,1653.0,2,1,Sikkim,Mangan,27.5124,88.5281
79.1,116.3,154.9,39.4,2702.0,3,1,Arunachal Pradesh,Tawang,27.586,91.88
84.6,149.4,205.8,32.6,1107.0,3,1,Arunachal Pradesh,Tawang,27.586,91.88
87.9,202.7,391.5,54.5,2758.0,3,1,Arunachal Pradesh,Tawang,27.586,91.88
93.6,90.1,125.8,34.1,1727.0,3,1,Arunachal Pradesh,Tawang,27.586,91.88
67.9,198.4,343.6,41.3,797.0,3,1,Arunachal Pradesh,Tawang,27.586,91.88
72.6,102.4,194.3,42.5,2164.0,3,1,Arunachal Pradesh,Tawang,27.586,91.88
73.9,132.0,209.0,47.8,2254.0,3,1,Arunachal Pradesh,Tawang,27.586,91.88
71.2,211.8,293.2,51.9,641.0,3,1,Arunachal Pradesh,Tawang,27.586,91.88
72.9,198.5,283.0,37.4,1480.0,3,1,Arunachal Pradesh,Tawang,27.586,91.88
72.4,179.4,340.2,51.2,1214.0,3,1,Arunachal Pradesh,Tawang,27.586,91.88
80.9,114.8,168.9,29.8,2656.0,3,1,Arunachal Pradesh,Tawang,27.586,91.88
91.6,188.8,313.9,39.7,1671.0,3,1,Arunachal Pradesh,Tawang,27.586,91.88
81.1,140.8,196.1,28.8,2685.0,1,1,Arunachal Pradesh,Lower Subansiri,27.5887,93.8492
79.5,213.4,301.9,41.6,899.0,1,1,Arunachal Pradesh,Lower Subansiri,27.5887,93.8492
72.6,84.2,116.5,52.5,1172.0,1,1,Arunachal Pradesh,Lower Subansiri,27.5887,93.8492
83.2,145.1,229.3,41.0,849.0,1,1,Arunachal Pradesh,Lower Subansiri,27.5887,93.8492
94.7,194.6,353.9,39.1,767.0,1,1,Arunachal Pradesh,Lower Subansiri,27.5887,93.8492
92.6,127.8,170.6,35.3,2307.0,1,1,Arunachal Pradesh,Lower Subansiri,27.5887,93.8492
83.7,185.1,343.5,31.4,2617.0,1,1,Arunachal Pradesh,Lower Subansiri,27.5887,93.8492
78.1,169.5,220.6,54.8,1074.0,1,1,Arunachal Pradesh,Lower Subansiri,27.5887,93.8492
66.9,144.2,200.4,29.6,1917.0,1,1,Arunachal Pradesh,East Siang,28.07,95.33
76.8,209.1,318.5,46.8,1507.0,1,1,Arunachal Pradesh,East Siang,28.07,95.33
84.8,164.0,267.4,53.5,1223.0,1,1,Arunachal Pradesh,East Siang,28.07,95.33
70.3,174.9,331.0,26.2,1479.0,1,1,Arunachal Pradesh,East Siang,28.07,95.33
91.8,184.9,368.8,40.9,1984.0,1,1,Arunachal Pradesh,East Siang,28.07,95.33
74.1,212.7,331.0,47.2,1368.0,1,1,Arunachal Pradesh,East Siang,28.07,95.33
81.9,180.8,299.4,52.2,1406.0,1,1,Arunachal Pradesh,East Siang,28.07,95.33
84.4,127.9,202.9,38.2,702.0,1,1,Arunachal Pradesh,East Siang,28.07,95.33
23.7,48.4,69.1,18.3,79.0,1,0,Mizoram,Lunglei,22.9,92.75
33.1,17.9,26.6,22.2,408.0,0,0,Synthetic,Safe zone,26.339245794239933,89.77617682074964
31.0,14.0,17.4,18.5,1370.0,0,0,Synthetic,Safe zone,24.01261203962093,92.25247420970432
48.1,66.9,94.1,10.1,957.0,2,0,Manipur,Churachandpur,24.3322,93.6825
32.8,68.4,89.0,18.7,84.0,0,0,Synthetic,Safe zone,25.000307230673776,94.25064567993508
44.4,33.9,53.1,22.1,517.0,0,0,Synthetic,Safe zone,25.722742010206698,91.93894553655477
45.3,26.7,32.7,23.3,1390.0,2,0,Meghalaya,East Khasi Hills,25.2838,91.7344
53.7,68.6,101.0,20.3,1156.0,0,0,Synthetic,Safe zone,25.40303815471153,91.73871316708563
29.6,46.9,58.4,10.2,900.0,0,0,Synthetic,Safe zone,25.049911941125217,90.31313965276779
52.6,60.9,72.1,5.2,537.0,2,0,Meghalaya,East Khasi Hills,25.5788,91.8933
51.9,59.5,69.6,20.5,218.0,0,0,Synthetic,Safe zone,24.950312950782646,94.9916570900715
27.7,15.0,19.7,17.4,1403.0,0,0,Synthetic,Safe zone,27.904105727665172,89.41784381954837
25.5,56.4,69.7,22.7,1012.0,1,0,Assam,Karbi Anglong,26.1,93.2
24.5,59.1,70.2,13.5,851.0,0,0,Synthetic,Safe zone,25.50383074540139,93.1169774936909
46.1,69.5,111.2,15.3,188.0,0,0,Synthetic,Safe zone,26.63921649484359,94.85998446929953
32.7,35.0,45.9,6.0,1025.0,2,0,Sikkim,Namchi,27.1684,88.551
34.1,56.2,85.2,21.4,654.0,0,0,Synthetic,Safe zone,24.607728411204498,93.49292467800232
52.1,36.9,57.1,7.9,1325.0,0,0,Synthetic,Safe zone,23.480476164859407,89.92115313232769
41.4,9.4,10.6,5.0,683.0,3,0,Arunachal Pradesh,Tawang,27.586,91.88
51.0,7.3,10.4,21.5,294.0,0,0,Synthetic,Safe zone,23.734318674107023,94.16480584172322
52.9,40.0,60.4,6.9,622.0,0,0,Synthetic,Safe zone,26.688987780531864,90.54471175594378
50.1,37.8,55.7,14.3,583.0,1,0,Mizoram,Lunglei,22.9,92.75
28.8,18.5,27.4,7.4,175.0,0,0,Synthetic,Safe zone,23.88145682511065,90.05207906872353
52.9,30.9,49.3,7.7,998.0,0,0,Synthetic,Safe zone,25.243647536006254,91.35750906018244
55.0,68.4,105.1,8.8,370.0,2,0,Manipur,Churachandpur,24.3322,93.6825
46.2,23.8,34.9,16.3,849.0,0,0,Synthetic,Safe zone,27.142734624193928,93.26319663045606
21.1,8.2,11.5,14.7,427.0,0,0,Synthetic,Safe zone,25.09328043657401,93.54746191239717
53.1,41.5,53.6,10.4,807.0,2,0,Meghalaya,East Khasi Hills,25.2838,91.7344
32.6,41.7,59.9,6.3,52.0,0,0,Synthetic,Safe zone,24.061385694203715,94.36706898631269
45.9,16.2,25.0,14.4,740.0,0,0,Synthetic,Safe zone,27.677709719213276,89.35692015310003
28.6,43.1,51.6,18.6,360.0,2,0,Meghalaya,East Khasi Hills,25.5788,91.8933
24.0,18.5,24.2,8.5,245.0,0,0,Synthetic,Safe zone,27.301409431094704,90.92238322158384
34.4,8.6,11.0,10.3,935.0,0,0,Synthetic,Safe zone,24.026951488362034,94.33019271837705
57.2,11.5,13.3,7.3,948.0,1,0,Assam,Karbi Anglong,26.1,93.2
24.9,60.4,89.2,21.4,813.0,0,0,Synthetic,Safe zone,27.983386057595766,89.26505061766497
36.1,26.1,41.0,16.5,1219.0,0,0,Synthetic,Safe zone,23.851705968292595,94.87180486340263
39.9,37.1,58.8,12.6,626.0,2,0,Sikkim,Namchi,27.1684,88.551
43.4,13.3,16.8,8.9,200.0,0,0,Synthetic,Safe zone,27.3307230316551,92.53598699676486
34.3,31.6,41.5,17.7,1394.0,0,0,Synthetic,Safe zone,27.66389809828491,91.34895187718398
33.2,34.3,47.5,14.2,1005.0,3,0,Arunachal Pradesh,Tawang,27.586,91.88
42.2,25.8,32.9,12.6,187.0,0,0,Synthetic,Safe zone,23.830313162069867,93.33868281287232
35.6,18.9,26.2,20.1,423.0,0,0,Synthetic,Safe zone,27.133949409618722,94.5650291577503
43.9,48.5,54.6,23.9,619.0,1,0,Mizoram,Lunglei,22.9,92.75
57.0,42.6,47.0,5.8,1037.0,0,0,Synthetic,Safe zone,25.813340069159665,89.15919462323644
49.7,60.4,81.4,14.3,58.0,0,0,Synthetic,Safe zone,26.933248562467995,90.98429640047664
55.2,29.2,40.4,10.4,283.0,2,0,Manipur,Churachandpur,24.3322,93.6825
51.0,37.3,51.0,24.3,1447.0,0,0,Synthetic,Safe zone,27.27821060851202,90.1256557565902
43.8,62.1,79.9,7.0,1226.0,0,0,Synthetic,Safe zone,25.40881775681086,92.38635608215507
59.3,44.5,58.4,12.4,656.0,2,0,Meghalaya,East Khasi Hills,25.2838,91.7344
24.7,56.7,86.1,10.7,491.0,0,0,Synthetic,Safe zone,27.371671281674068,89.14382213316773
40.8,35.1,50.8,8.3,1019.0,0,0,Synthetic,Safe zone,24.883670039374383,92.71228866901785
21.6,35.0,47.7,9.3,252.0,2,0,Meghalaya,East Khasi Hills,25.5788,91.8933
27.5,27.4,31.4,23.9,637.0,0,0,Synthetic,Safe zone,27.044848012533745,94.84650273865309
23.2,47.4,72.7,17.7,672.0,0,0,Synthetic,Safe zone,25.155381788189693,89.21539331604416
41.4,69.6,109.9,5.8,1073.0,1,0,Assam,Karbi Anglong,26.1,93.2
32.1,63.7,71.5,23.7,1264.0,0,0,Synthetic,Safe zone,23.587521911263007,89.3589460239038
53.4,15.1,20.7,23.3,873.0,0,0,Synthetic,Safe zone,24.98616650736412,91.67009632912395
22.5,68.0,85.3,8.8,465.0,2,0,Sikkim,Namchi,27.1684,88.551
58.6,11.1,17.1,19.2,1254.0,0,0,Synthetic,Safe zone,27.87948770183948,94.05292793310123
57.7,13.3,19.8,15.9,838.0,0,0,Synthetic,Safe zone,27.49460788160257,94.83082291188026
48.2,36.4,48.3,12.7,574.0,3,0,Arunachal Pradesh,Tawang,27.586,91.88
35.7,10.8,12.3,20.6,697.0,0,0,Synthetic,Safe zone,27.6534224427231,92.67332605156372
21.4,15.2,18.3,24.5,367.0,0,0,Synthetic,Safe zone,25.578778381440255,94.61706158984117
59.1,20.4,22.9,8.1,142.0,1,0,Mizoram,Lunglei,22.9,92.75
27.8,42.0,65.3,15.7,958.0,0,0,Synthetic,Safe zone,24.009336258047707,93.8035017240431
44.7,61.2,96.3,12.0,181.0,0,0,Synthetic,Safe zone,24.129644789583914,91.62704939405502
57.8,29.6,44.0,15.8,315.0,2,0,Manipur,Churachandpur,24.3322,93.6825
32.8,47.5,68.2,13.7,382.0,0,0,Synthetic,Safe zone,26.60953389756338,90.01323824967629
57.5,17.2,19.9,15.0,803.0,0,0,Synthetic,Safe zone,25.540964573891223,91.62000493603304
59.8,36.6,49.0,13.4,147.0,2,0,Meghalaya,East Khasi Hills,25.2838,91.7344
43.7,19.8,28.1,6.0,1473.0,0,0,Synthetic,Safe zone,25.34502539506336,94.38053222954419
39.0,8.9,13.5,18.0,1184.0,0,0,Synthetic,Safe zone,25.140849317544365,92.82762046547987
54.2,46.0,58.6,18.3,1024.0,2,0,Meghalaya,East Khasi Hills,25.5788,91.8933
58.4,29.1,38.2,21.2,783.0,0,0,Synthetic,Safe zone,26.682865465578665,91.75825678672155
28.6,53.4,62.3,9.0,959.0,0,0,Synthetic,Safe zone,26.73634900096035,94.36812732120688
30.9,12.2,19.2,8.1,337.0,1,0,Assam,Karbi Anglong,26.1,93.2
31.7,39.4,60.7,20.2,1077.0,0,0,Synthetic,Safe zone,23.87590283928002,91.14609578915585
39.1,14.6,18.0,11.2,235.0,0,0,Synthetic,Safe zone,25.75119845954129,93.23016917914515
22.8,36.3,54.1,20.0,1232.0,2,0,Sikkim,Namchi,27.1684,88.551
37.9,58.3,71.2,12.2,306.0,0,0,Synthetic,Safe zone,25.33742269714286,91.35236013449266
29.6,53.9,67.7,10.5,240.0,0,0,Synthetic,Safe zone,25.194108509009745,90.81778777302381
34.8,20.3,30.1,23.6,772.0,3,0,Arunachal Pradesh,Tawang,27.586,91.88
45.7,61.4,98.2,17.3,1340.0,0,0,Synthetic,Safe zone,27.543041232778208,93.74870892684574
38.4,10.3,11.4,14.5,767.0,0,0,Synthetic,Safe zone,25.036811939314862,92.40900410774819
42.1,59.4,68.5,9.5,1200.0,1,0,Mizoram,Lunglei,22.9,92.75
53.9,69.7,107.0,22.8,506.0,0,0,Synthetic,Safe zone,25.00830817004688,90.60851062892331
44.3,66.0,84.0,16.1,480.0,0,0,Synthetic,Safe zone,23.848999868863537,90.17111317891194
22.3,66.7,86.8,21.7,1038.0,2,0,Manipur,Churachandpur,24.3322,93.6825
27.7,16.4,24.7,10.3,1374.0,0,0,Synthetic,Safe zone,23.700277023447452,93.06625168672682
52.6,20.3,25.1,24.3,434.0,0,0,Synthetic,Safe zone,25.14978524950024,91.5950935594542
30.1,55.4,82.4,12.6,1261.0,2,0,Meghalaya,East Khasi Hills,25.2838,91.7344
28.5,5.3,7.3,24.9,106.0,0,0,Synthetic,Safe zone,24.039990368542302,92.11348785492251
52.4,10.8,14.0,19.9,589.0,0,0,Synthetic,Safe zone,23.944182102378196,90.17297496437952
36.4,36.2,55.4,17.8,1051.0,2,0,Meghalaya,East Khasi Hills,25.5788,91.8933
59.3,31.8,41.4,23.5,407.0,0,0,Synthetic,Safe zone,26.649076231514332,93.5274388293088
23.9,35.4,42.5,8.7,723.0,0,0,Synthetic,Safe zone,24.447148537540325,93.77636268575523
56.3,57.2,70.5,10.5,419.0,1,0,Assam,Karbi Anglong,26.1,93.2
25.4,66.3,86.3,9.5,1278.0,0,0,Synthetic,Safe zone,24.99597651328895,89.210700866658
26.5,46.6,69.4,9.2,1380.0,0,0,Synthetic,Safe zone,27.254985600260824,94.09028452436648
29.1,8.3,12.7,11.1,947.0,2,0,Sikkim,Namchi,27.1684,88.551
50.4,13.3,19.9,23.8,1106.0,0,0,Synthetic,Safe zone,25.206113742402792,94.26006883251021
41.1,53.4,80.7,20.0,467.0,0,0,Synthetic,Safe zone,23.589219504529154,90.43003117617236
40.1,37.8,52.7,12.9,1191.0,3,0,Arunachal Pradesh,Tawang,27.586,91.88
56.5,21.0,30.9,18.6,808.0,0,0,Synthetic,Safe zone,23.9426511693708,93.77139355149626
58.4,51.9,80.9,24.7,560.0,0,0,Synthetic,Safe zone,26.191117764631684,91.84359642582847
59.5,11.1,14.5,22.5,462.0,1,0,Mizoram,Lunglei,22.9,92.75
51.5,29.9,47.5,22.7,487.0,0,0,Synthetic,Safe zone,26.850965567689276,91.02113926299961
44.3,47.8,72.4,5.5,369.0,0,0,Synthetic,Safe zone,26.559589052942894,92.38113942181722
39.8,8.6,10.9,22.3,95.0,2,0,Manipur,Churachandpur,24.3322,93.6825
35.9,66.4,74.8,20.0,424.0,0,0,Synthetic,Safe zone,27.333044160768363,93.47640787375619
55.4,19.0,26.0,20.6,406.0,0,0,Synthetic,Safe zone,24.153731526336085,89.16309280098551
58.3,51.2,72.5,19.9,821.0,2,0,Meghalaya,East Khasi Hills,25.2838,91.7344
39.0,34.2,48.6,9.0,1338.0,0,0,Synthetic,Safe zone,27.058761856096325,91.0973816687122
43.1,14.2,22.5,23.1,1387.0,0,0,Synthetic,Safe zone,24.66081523851726,90.01480824429713
28.5,10.9,12.6,6.4,1485.0,2,0,Meghalaya,East Khasi Hills,25.5788,91.8933
23.0,13.6,20.6,16.6,1173.0,0,0,Synthetic,Safe zone,26.154560038863274,94.29305042197369
45.5,38.9,56.7,13.9,552.0,0,0,Synthetic,Safe zone,25.338262262251064,90.01828463059137
51.9,21.9,25.8,9.9,1271.0,1,0,Assam,Karbi Anglong,26.1,93.2
33.2,49.6,75.8,6.6,1159.0,0,0,Synthetic,Safe zone,24.53832733189515,90.29973418510426
47.6,64.1,80.0,16.4,470.0,0,0,Synthetic,Safe zone,25.77142792863214,92.73117218392605
44.4,45.5,53.2,18.9,1028.0,2,0,Sikkim,Namchi,27.1684,88.551
47.3,9.8,13.0,13.2,176.0,0,0,Synthetic,Safe zone,24.111839639484053,91.64577579078822
49.7,20.4,30.9,15.9,1153.0,0,0,Synthetic,Safe zone,25.362779916684286,91.99516535253333
44.8,65.3,87.9,15.6,923.0,3,0,Arunachal Pradesh,Tawang,27.586,91.88
49.5,9.7,13.1,14.6,1386.0,0,0,Synthetic,Safe zone,25.467532902181706,91.80992320816598
58.5,34.3,40.8,9.3,188.0,0,0,Synthetic,Safe zone,23.00284064629472,91.59167396600289
50.8,52.7,58.8,16.4,274.0,1,0,Mizoram,Lunglei,22.9,92.75
57.6,15.9,22.4,11.5,980.0,0,0,Synthetic,Safe zone,25.061292982320374,93.55785831383837
29.2,63.9,86.2,20.1,1282.0,0,0,Synthetic,Safe zone,27.994143054774025,90.34367399356375
31.5,21.3,26.2,16.6,1491.0,2,0,Manipur,Churachandpur,24.3322,93.6825
59.6,39.2,55.7,22.2,1403.0,0,0,Synthetic,Safe zone,24.01930313664772,92.17125037365471
53.3,24.7,32.6,24.7,1478.0,0,0,Synthetic,Safe zone,27.53053405382591,93.79069006896835
30.8,25.9,35.5,16.2,783.0,2,0,Meghalaya,East Khasi Hills,25.2838,91.7344
45.5,31.5,46.5,11.7,529.0,0,0,Synthetic,Safe zone,23.636129809459142,90.13227326017352
54.0,34.0,41.3,20.2,853.0,0,0,Synthetic,Safe zone,23.10578005711647,90.8981687440203
27.1,47.6,58.9,6.3,130.0,2,0,Meghalaya,East Khasi Hills,25.5788,91.8933
43.3,6.4,9.8,8.1,930.0,0,0,Synthetic,Safe zone,25.22344014005373,91.65710912739141
22.9,57.2,88.4,5.2,309.0,0,0,Synthetic,Safe zone,27.519520943977394,92.29696167680035
26.0,18.2,26.0,19.5,919.0,1,0,Assam,Karbi Anglong,26.1,93.2
58.1,37.1,46.4,14.5,572.0,0,0,Synthetic,Safe zone,24.12207946337343,89.27577949604084
34.1,51.2,56.8,13.8,984.0,0,0,Synthetic,Safe zone,26.052020545871535,93.6598906153323
52.4,51.3,59.0,14.5,925.0,2,0,Sikkim,Namchi,27.1684,88.551
29.8,7.8,9.4,14.1,650.0,0,0,Synthetic,Safe zone,23.88333490663581,93.94649325610095
57.0,18.1,28.3,5.4,1391.0,0,0,Synthetic,Safe zone,27.759643950404538,89.07231117809555
50.5,68.1,105.7,24.4,848.0,3,0,Arunachal Pradesh,Tawang,27.586,91.88
23.1,60.2,84.7,17.3,655.0,0,0,Synthetic,Safe zone,25.859209882605548,89.92147867451669
49.6,9.9,14.5,22.0,735.0,0,0,Synthetic,Safe zone,25.549151830285247,90.87328563753248
58.8,52.7,67.6,8.5,368.0,1,0,Mizoram,Lunglei,22.9,92.75
38.6,66.3,97.2,9.3,1296.0,0,0,Synthetic,Safe zone,24.891002615048407,94.1103330965151
29.7,45.2,70.7,10.2,1055.0,0,0,Synthetic,Safe zone,27.93656309978572,89.90358972345803
23.5,48.8,62.0,6.4,739.0,2,0,Manipur,Churachandpur,24.3322,93.6825
50.2,23.5,29.8,21.9,804.0,0,0,Synthetic,Safe zone,27.21365984403236,91.67833695286225
58.1,47.3,54.8,22.7,759.0,0,0,Synthetic,Safe zone,23.708194839864525,89.91614080304852
47.5,8.1,10.0,7.8,690.0,2,0,Meghalaya,East Khasi Hills,25.2838,91.7344
36.6,38.9,48.3,5.6,941.0,0,0,Synthetic,Safe zone,24.868590014411758,92.90800999244028
24.3,5.9,7.2,14.1,621.0,0,0,Synthetic,Safe zone,27.051512776367332,91.26702586515694
41.2,43.6,48.4,15.3,550.0,2,0,Meghalaya,East Khasi Hills,25.5788,91.8933
36.9,11.5,17.2,23.8,82.0,0,0,Synthetic,Safe zone,26.00686381405674,93.58306440373015
31.4,56.2,79.6,23.6,1472.0,0,0,Synthetic,Safe zone,23.211730569993524,91.66962656616204
41.9,14.5,18.4,24.8,74.0,1,0,Assam,Karbi Anglong,26.1,93.2
38.1,59.8,75.4,14.6,1468.0,0,0,Synthetic,Safe zone,25.37438418237852,89.78552787287899
22.1,66.5,81.9,15.1,182.0,0,0,Synthetic,Safe zone,25.118275602753027,94.58063311550075
40.1,68.1,83.8,15.1,1296.0,2,0,Sikkim,Namchi,27.1684,88.551
37.9,23.2,35.4,12.8,820.0,0,0,Synthetic,Safe zone,27.88263533207573,90.11889976853519
32.1,7.0,9.1,9.0,1036.0,0,0,Synthetic,Safe zone,23.90660729382926,93.04887651443522
30.5,28.1,35.8,19.3,726.0,3,0,Arunachal Pradesh,Tawang,27.586,91.88
34.5,60.4,83.7,9.3,1355.0,0,0,Synthetic,Safe zone,24.713251480168203,89.23387626522393
39.8,13.1,15.9,19.9,240.0,0,0,Synthetic,Safe zone,27.03472112177018,94.62144372878572
44.3,51.2,74.5,24.9,545.0,1,0,Mizoram,Lunglei,22.9,92.75
26.5,38.7,53.0,8.6,939.0,0,0,Synthetic,Safe zone,23.07062366738412,94.56601041472533
30.6,7.6,8.7,9.8,447.0,0,0,Synthetic,Safe zone,23.164049997488643,90.67612887316237
27.7,29.6,38.3,11.8,525.0,2,0,Manipur,Churachandpur,24.3322,93.6825
23.6,6.6,8.0,20.1,1487.0,0,0,Synthetic,Safe zone,27.642630875286645,92.02531613322661
41.3,25.4,37.8,20.3,1274.0,0,0,Synthetic,Safe zone,27.47752288598442,91.60609548935177
50.7,57.4,72.0,23.6,187.0,2,0,Meghalaya,East Khasi Hills,25.2838,91.7344
59.8,55.1,63.1,18.1,100.0,0,0,Synthetic,Safe zone,26.850934747220915,93.79533752995434
44.1,60.7,69.7,10.5,651.0,0,0,Synthetic,Safe zone,23.212289764140493,91.689296525427
30.6,30.5,40.1,22.6,442.0,2,0,Meghalaya,East Khasi Hills,25.5788,91.8933
55.7,32.7,41.3,15.1,656.0,0,0,Synthetic,Safe zone,24.28686156527573,92.0160759487764
26.1,27.9,38.5,13.3,1245.0,0,0,Synthetic,Safe zone,24.283608807675833,94.81862947298606
51.4,67.9,103.1,7.8,813.0,1,0,Assam,Karbi Anglong,26.1,93.2
26.8,58.2,81.0,10.3,1398.0,0,0,Synthetic,Safe zone,23.575930266571305,92.38317442082788
48.8,8.8,12.3,21.3,148.0,0,0,Synthetic,Safe zone,25.561214855533137,90.55134306889244
46.5,12.7,19.9,22.9,320.0,2,0,Sikkim,Namchi,27.1684,88.551
32.9,43.2,63.0,13.9,277.0,0,0,Synthetic,Safe zone,23.52075746901436,94.99859202148606
38.2,61.7,82.8,23.4,177.0,0,0,Synthetic,Safe zone,23.570095956672755,94.57779312634534
57.9,25.5,32.5,14.0,653.0,3,0,Arunachal Pradesh,Tawang,27.586,91.88
27.6,63.4,77.8,19.1,147.0,0,0,Synthetic,Safe zone,23.193756657642147,92.92238283546152
33.6,47.6,54.6,24.0,1135.0,0,0,Synthetic,Safe zone,27.381336165128996,89.81882332426707
32.8,28.9,39.6,10.9,138.0,1,0,Mizoram,Lunglei,22.9,92.75
34.8,21.5,27.9,8.9,430.0,0,0,Synthetic,Safe zone,26.134761702161345,91.32892300746839
33.8,39.7,59.0,12.6,902.0,0,0,Synthetic,Safe zone,27.83101312684088,92.1318806847083
56.4,56.6,63.9,13.6,1063.0,2,0,Manipur,Churachandpur,24.3322,93.6825
59.5,34.8,39.9,16.2,234.0,0,0,Synthetic,Safe zone,26.75759780139697,92.04606198477067
48.9,61.5,87.0,17.2,1144.0,0,0,Synthetic,Safe zone,27.212275007263337,94.21432271766201
21.5,41.2,49.7,22.2,990.0,2,0,Meghalaya,East Khasi Hills,25.2838,91.7344
36.8,17.2,21.9,19.1,346.0,0,0,Synthetic,Safe zone,23.467914726691863,94.3281725493653
50.6,18.0,22.4,24.4,1077.0,0,0,Synthetic,Safe zone,26.052610021069125,90.84577091254478
32.0,7.6,11.1,5.9,57.0,2,0,Meghalaya,East Khasi Hills,25.5788,91.8933
49.2,66.7,98.6,14.4,755.0,0,0,Synthetic,Safe zone,25.180682113245528,90.947862002662
40.9,33.0,46.2,23.0,1493.0,0,0,Synthetic,Safe zone,23.393716449414587,91.30810083596805
27.2,27.9,34.7,8.5,1158.0,1,0,Assam,Karbi Anglong,26.1,93.2
39.9,64.8,72.3,6.3,635.0,0,0,Synthetic,Safe zone,23.401386602020185,90.576377578489
59.4,18.6,22.3,16.5,772.0,0,0,Synthetic,Safe zone,25.902191486014225,91.26041166925128
53.1,14.0,18.4,18.8,1309.0,2,0,Sikkim,Namchi,27.1684,88.551
34.8,41.9,47.5,8.4,150.0,0,0,Synthetic,Safe zone,26.63940445999261,90.72835981233284
48.9,9.3,14.3,21.7,179.0,0,0,Synthetic,Safe zone,23.118782532285934,89.33773287789195
54.1,20.3,27.8,13.5,1204.0,3,0,Arunachal Pradesh,Tawang,27.586,91.88
